Furniture,0.1430153
OuterWalls,0.8569847
