Furniture,0.1410486
OuterWalls,0.8589514
