Furniture,0.1399177
OuterWalls,0.8600823
