OuterWalls,0.9877384
Apples,0.01226158
