OuterWalls,0.9771044
Apples,0.02289562
