Furniture,0.1410699
OuterWalls,0.8589301
