Furniture,0.1124229
Floor,0.3018514
OuterWalls,0.5857258
