Furniture,0.1130905
Floor,0.3138511
OuterWalls,0.5730584
