Furniture,0.1130505
Floor,0.3071966
OuterWalls,0.579753
