Furniture,0.1120968
Floor,0.2995968
OuterWalls,0.5883064
