Furniture,0.1003735
Floor,0.3211952
OuterWalls,0.5595238
Patient,0.01890756
